{
    "cam_K": {
        "rows": 3,
        "cols": 3,
        "data": [
            [607.0327758789062, 0.0, 513.9069213867188],
            [0.0, 606.710205078125, 262.1572570800781],
            [0.0, 0.0, 1.0]
        ]
    },
    "cam_dist": {
        "cols": 14,
        "data": [
            2.5341603755950928, -2.9557416439056396, -0.0003312704211566597, -0.0004033033037558198,
            1.7105742692947388, 
            2.47755765914917, -2.8600361347198486, 1.694322109222412, 
            0.0, 0.0, 0.0, 0.0, 
            0.003867920720949769, 0.001242463244125247
        ]
    },
    "T_lidar_to_cam": {
        "rows": 4,
        "cols": 4,
        "data": [
            [-1, 0, 0, -0.10795],
            [0, 0, -1, -0.053975],
            [0, -1, 0, 0],
            [0, 0, 0, 1]
        ]
    },
    "T_lidar_to_cam_gt": {
        "available": false
    },
    "img_folder": "images",
    "mask_folder": "masks",
    "pc_folder": "pc",
    "img_format": ".jpg",
    "pc_format": ".pcd",
    "file_name": [
        "0000",
        "0001",
        "0002",
        "0003",
        "0004",
        "0005",
        "0006",
        "0007"
    ],
    "params": {
        "min_plane_point_num": 2000,
        "cluster_tolerance": 0.25,
        "search_num": 1000,
        "search_range": {
            "rot_deg": 5,
            "trans_m": 0.5
        },
        "point_range": {
            "top": 0.0,
            "bottom": 1.0
        },
        "down_sample": {
            "is_valid": true,
            "voxel_m": 0.05
        },
        "thread": {
            "is_multi_thread": true,
            "num_thread": 4
        }
    }
}